{"entities":{"pages":{"Home":{"id":"Home","title":"主页","url":"home.html","level":0,"tabIndex":0},"Community":{"id":"Community","title":"社区入门","url":"community.html","level":0,"tabIndex":1},"rrq4w5_58":{"id":"rrq4w5_58","title":"作品收录","level":0,"tabIndex":2},"rrq4w5_59":{"id":"rrq4w5_59","title":"作品指南和手册","level":0,"pages":["rrq4w5_60","bedrockResourceCommon"],"tabIndex":3},"rrq4w5_60":{"id":"rrq4w5_60","title":"Java 版","level":1,"parentId":"rrq4w5_59","pages":["shaderpacksCommon","resourcepacksCommon"],"tabIndex":0},"shaderpacksCommon":{"id":"shaderpacksCommon","title":"光影包","url":"shaderpackscommon.html","level":2,"parentId":"rrq4w5_60","pages":["itt2","itt3","gfme"],"tabIndex":0},"itt2":{"id":"itt2","title":"iterationT 2.0.0 使用手册","url":"itt2.html","level":3,"parentId":"shaderpacksCommon","tabIndex":0},"itt3":{"id":"itt3","title":"iterationT 3.0.0 使用手册","url":"itt3.html","level":3,"parentId":"shaderpacksCommon","tabIndex":1},"gfme":{"id":"gfme","title":"SEUS PTGI GFME","url":"gfme.html","level":3,"parentId":"shaderpacksCommon","tabIndex":2},"resourcepacksCommon":{"id":"resourcepacksCommon","title":"资源包","url":"resourcepackscommon.html","level":2,"parentId":"rrq4w5_60","pages":["MTP","tmeo","qin","itp"],"tabIndex":1},"MTP":{"id":"MTP","title":"Misaka\u0027s Texture","url":"mtp.html","level":3,"parentId":"resourcepacksCommon","tabIndex":0},"tmeo":{"id":"tmeo","title":"TMEO现代材质","url":"tmeo.html","level":3,"parentId":"resourcepacksCommon","tabIndex":1},"qin":{"id":"qin","title":"秦","url":"qin.html","level":3,"parentId":"resourcepacksCommon","tabIndex":2},"itp":{"id":"itp","title":"IT-Project","url":"itp.html","level":3,"parentId":"resourcepacksCommon","tabIndex":3},"bedrockResourceCommon":{"id":"bedrockResourceCommon","title":"基岩版","url":"bedrockresourcecommon.html","level":1,"parentId":"rrq4w5_59","tabIndex":1},"Library":{"id":"Library","title":"知识库","url":"library.html","level":0,"pages":["terms","resourcepackBasic","shaderBasic","shaderTech","irisAsOf","Correction","QAs","Troubleshoot"],"tabIndex":4},"terms":{"id":"terms","title":"术语表","url":"terms.html","level":1,"parentId":"Library","tabIndex":0},"resourcepackBasic":{"id":"resourcepackBasic","title":"资源包 基本概念","url":"resourcepackbasic.html","level":1,"parentId":"Library","tabIndex":1},"shaderBasic":{"id":"shaderBasic","title":"着色器 基本概念和轶事","url":"shaderbasic.html","level":1,"parentId":"Library","tabIndex":2},"shaderTech":{"id":"shaderTech","title":"着色器 技术科普","url":"shadertech.html","level":1,"parentId":"Library","tabIndex":3},"irisAsOf":{"id":"irisAsOf","title":"Iris 下等效 OptiFine 功能的模组","url":"irisasof.html","level":1,"parentId":"Library","tabIndex":4},"Correction":{"id":"Correction","title":"误区纠正","url":"correction.html","level":1,"parentId":"Library","pages":["raytracingCorrection"],"tabIndex":5},"raytracingCorrection":{"id":"raytracingCorrection","title":"光线追踪","url":"raytracingcorrection.html","level":2,"parentId":"Correction","tabIndex":0},"QAs":{"id":"QAs","title":"问答","url":"qas.html","level":1,"parentId":"Library","pages":["be","je-resourcepack","je-shaderpack"],"tabIndex":6},"be":{"id":"be","title":"基岩版相关问答","url":"be.html","level":2,"parentId":"QAs","tabIndex":0},"je-resourcepack":{"id":"je-resourcepack","title":"Java 版资源包（纹理包）问答","url":"je-resourcepack.html","level":2,"parentId":"QAs","tabIndex":1},"je-shaderpack":{"id":"je-shaderpack","title":"Java 版光影问答","url":"je-shaderpack.html","level":2,"parentId":"QAs","tabIndex":2},"Troubleshoot":{"id":"Troubleshoot","title":"疑难解答","url":"troubleshoot.html","level":1,"parentId":"Library","pages":["troubleshootCommon","rrq4w5_85"],"tabIndex":7},"troubleshootCommon":{"id":"troubleshootCommon","title":"通用问题","url":"troubleshootcommon.html","level":2,"parentId":"Troubleshoot","tabIndex":0},"rrq4w5_85":{"id":"rrq4w5_85","title":"Java 版","level":2,"parentId":"Troubleshoot","pages":["videoSettings","rrq4w5_87","rrq4w5_90"],"tabIndex":1},"videoSettings":{"id":"videoSettings","title":"视频设置和相关显示问题","url":"videosettings.html","level":3,"parentId":"rrq4w5_85","tabIndex":0},"rrq4w5_87":{"id":"rrq4w5_87","title":"光影","level":3,"parentId":"rrq4w5_85","pages":["shaderpackLoading","modsCompatibility"],"tabIndex":1},"shaderpackLoading":{"id":"shaderpackLoading","title":"光影加载问题","url":"shaderpackloading.html","level":4,"parentId":"rrq4w5_87","tabIndex":0},"modsCompatibility":{"id":"modsCompatibility","title":"光影和模组兼容性","url":"modscompatibility.html","level":4,"parentId":"rrq4w5_87","tabIndex":1},"rrq4w5_90":{"id":"rrq4w5_90","title":"资源包","level":3,"parentId":"rrq4w5_85","tabIndex":2},"Developer":{"id":"Developer","title":"创作者文档","url":"developer.html","level":0,"pages":["developTips","animation","labpbrMaterialStandard","shaderTutorial","resourceTutorial","starter-topic"],"tabIndex":5},"developTips":{"id":"developTips","title":"作品开发相关资料整理","url":"developtips.html","level":1,"parentId":"Developer","tabIndex":0},"animation":{"id":"animation","title":"建模、渲染和影视动画相关软件整理","url":"animation.html","level":1,"parentId":"Developer","tabIndex":1},"labpbrMaterialStandard":{"id":"labpbrMaterialStandard","title":"LabPBR 材质标准","url":"labpbrmaterialstandard.html","level":1,"parentId":"Developer","tabIndex":2},"shaderTutorial":{"id":"shaderTutorial","title":"着色器开发教程","url":"shadertutorial.html","level":1,"parentId":"Developer","pages":["00-filePipeline","01-prepare"],"tabIndex":3},"00-filePipeline":{"id":"00-filePipeline","title":"文件结构和渲染管线","url":"00-filepipeline.html","level":2,"parentId":"shaderTutorial","tabIndex":0},"01-prepare":{"id":"01-prepare","title":"准备工作","url":"01-prepare.html","level":2,"parentId":"shaderTutorial","tabIndex":1},"resourceTutorial":{"id":"resourceTutorial","title":"资源包开发教程","url":"resourcetutorial.html","level":1,"parentId":"Developer","tabIndex":4},"starter-topic":{"id":"starter-topic","title":"Writerside 写作格式参考","url":"starter-topic.html","level":1,"parentId":"Developer","tabIndex":5},"Gallery":{"id":"Gallery","title":"画廊","url":"gallery.html","level":0,"pages":["2021-autumn","2021-winter","2022-spring","2022-summer","2022-autumn","2023-spring","2024-spring"],"tabIndex":6},"2021-autumn":{"id":"2021-autumn","title":"2021年秋季赛","url":"2021-autumn.html","level":1,"parentId":"Gallery","tabIndex":0},"2021-winter":{"id":"2021-winter","title":"2021年冬季赛","url":"2021-winter.html","level":1,"parentId":"Gallery","tabIndex":1},"2022-spring":{"id":"2022-spring","title":"2022年春季赛","url":"2022-spring.html","level":1,"parentId":"Gallery","tabIndex":2},"2022-summer":{"id":"2022-summer","title":"2022年夏季赛","url":"2022-summer.html","level":1,"parentId":"Gallery","tabIndex":3},"2022-autumn":{"id":"2022-autumn","title":"2022年秋季赛","url":"2022-autumn.html","level":1,"parentId":"Gallery","tabIndex":4},"2023-spring":{"id":"2023-spring","title":"2023年春季赛","url":"2023-spring.html","level":1,"parentId":"Gallery","tabIndex":5},"2024-spring":{"id":"2024-spring","title":"2024年春季赛","url":"2024-spring.html","level":1,"parentId":"Gallery","tabIndex":6},"About":{"id":"About","title":"关于","url":"about.html","level":0,"tabIndex":7}}},"topLevelIds":["Home","Community","rrq4w5_58","rrq4w5_59","Library","Developer","Gallery","About"]}