{"title":"Minecraft 图形学社区文档","subtitle":"这是隶属于 MineGraph 社区的图形学文档。","tips":[{"title":"社区入门","description":"快速了解并加入我们的社区","url":"community.html","type":"navigation"},{"title":"知识库","description":"这里汇集了由社区成员撰写的各种与 Minecraft 图形相关的知识、问答和解决方案。","url":"library.html","type":"library"}],"main":{"title":"浏览作品","data":[{"title":"iterationT 3.0","description":"久负盛名的 iterationT，现已推出 3.0！","url":"itt3.html"},{"title":"SEUS PTGI GFME","description":"由 GeForceLegend 魔改的 SEUS PTGI，拥有更强的可配置性和更好的质量。","url":"gfme.html"},{"title":"TMEO 现代材质","description":"写实风格的现代 PBR 资源包，还有大量自定义模型等你探索。","url":"tmeo.html"},{"title":"获取更多","description":"正在迁移中","url":""}]},"highlighted":{"title":"创作者文档","data":[{"title":"着色器开发教程","description":"","url":"shadertutorial.html"},{"title":"资源包开发教程","description":"","url":"resourcetutorial.html"},{"title":"作品开发相关资料整理","description":"","url":"developtips.html"},{"title":"LabPBR 材质标准","description":"","url":"labpbrmaterialstandard.html"}]},"groups":[{"title":"社区截图","type":"cards","display":"normal","data":[{"title":"2024年春季赛","description":"","url":"2024-spring.html"},{"title":"2023年春季赛","description":"","url":"2023-spring.html"},{"title":"2022年秋季赛","description":"","url":"2022-autumn.html"},{"title":"2022年夏季赛","description":"","url":"2022-summer.html"},{"title":"2022年春季赛","description":"","url":"2022-spring.html"},{"title":"2021年冬季赛","description":"","url":"2021-winter.html"}]},{"type":"links","display":"wide","data":[{"title":"探索知识库","data":[{"title":"术语表","description":"这篇文章列出了整个图书馆中可能会出现的术语，这些术语或常见或罕见，我们会尽可能多地收录。在遇到不能理解的术语时，可以到此文档中进行查阅。","url":"terms.html"},{"title":"Iris 下等效 OptiFine 功能的模组","description":"Iris 下等效 OptiFine 功能的模组","url":"irisasof.html"},{"title":"光线追踪","description":"这篇文档正在从旧平台迁移并重写，内容和格式可能会有问题。","url":"raytracingcorrection.html"},{"title":"Java 版资源包（纹理包）问答","description":"这篇文档的格式较为不规范，目前正在订正中。","url":"je-resourcepack.html"}]},{"title":"联系我们","data":[{"title":"QQ 频道","description":"","url":"https://pd.qq.com/s/lem9db"},{"title":"工作室官方账号","description":"Bilibili","url":"https://space.bilibili.com/480528388"},{"title":"项目仓库","description":"GitHub","url":"https://github.com/MineGraphCN/MGC_Docs"}]}]}],"prevNextLinks":{"nextPageUrl":"community.html","nextPageTitle":"社区入门"}}